Refs,Value,Footprint,Quantity,DESC,MFR,MPN,SPR,SPN,SPURL
J11,Conn_01x02,Aaron:JST_SH_BM02B-SRSS-TB_1x02-1MP_P1.00mm_Vertical,1,CONN HEADER SMD 2POS 1MM,JST Sales America Inc.,BM02B-SRSS-TB(LF)(SN),Digikey,455-1788-1-ND,https://www.digikey.com/product-detail/en/jst-sales-america-inc/BM02B-SRSS-TB-LF-SN/455-1788-1-ND/926859
L101,3.3uH,Aaron:L_Vishay_IHLP-1212,1,FIXED IND 3.3UH 2.7A 61 MOHM SMD,Vishay Dale,IHLP1212BZER3R3M11,Digikey,541-2567-1-ND,https://www.digikey.com/products/en?keywords=541-2567-1-ND
U101,TPS55340-Q1,Aaron:QFN-16-1EP_3x3mm_P0.5mm_EP2.7x2.7mm_ThermalVias,1,IC REG BOOST ADJ 5.25A 16WQFN,Texas Instruments,TPS55340RTER,Digikey,296-37677-1-ND,https://www.digikey.com/products/en?keywords=296-37677-1-ND
MIC1,SPH0645LM4H-B,Aaron:SPH0645LM4H-B,1,CRAWFORD MIC DGT I2S BOTTOM PORT,Knowles,SPH0645LM4H-B,Digikey,423-1405-1-ND,https://www.digikey.com/products/en/audio-products/microphones/158?k=SPH0645LM4H-B&k=&pkeyword=SPH0645LM4H-B&sv=0&pv7=2&sf=0&quantity=&ColumnSort=0&page=1&pageSize=500
SW2;SW1,SW_SPST_KMR2,Aaron:SW_SPST_KMR2,2,SWITCH TACTILE SPST-NO 0.05A 32V,C&K,KMR211GLFS,Digikey,401-1426-1-ND,https://www.digikey.com/product-detail/en/c-k/KMR211GLFS/401-1426-1-ND/550461
U4,MAX3379EETD,Aaron:TDFN-14_3x3mm_P0.4mm_EP1.78x2.35mm,1,"Translation - Voltage Levels 15kV ESD-Protected, 1 A, 16Mbps, Dual/Quad Low-Voltage Level Translators in UCSP",Maxim Integrated,MAX3379EETD+,Mouser,700-MAX3379EETD+,https://www.mouser.com/ProductDetail/Maxim-Integrated/MAX3379EETD%2b?qs=sGAEpiMZZMsty6Jaj0%252BBBlRGPtHFtfyPDGIN%252BTQVZtM%3D
J3,USB_B_Micro,Aaron:USB_Micro-B_Molex-105017-0001,1,CONN RCPT USB2.0 MICRO B SMD R/A,Molex,1050170001,Digikey,WM1399CT-ND,https://www.digikey.com/products/en?keywords=WM1399CT-ND
U5,MAX98357A,Aaron:VQFN-16-1EP_3x3mm_P0.5mm_EP1.68x1.68mm,1,IC AMP CLASS D MONO 3.2W 16TQFN,Maxim Integrated,MAX98357AETE+T,Digikey,MAX98357AETE+TCT-ND,https://www.digikey.com/products/en/integrated-circuits-ics/linear-amplifiers-audio/742?k=MAX98357A&k=&pkeyword=MAX98357A&sv=0&pv7=2&pv1291=108687&pv16=108891&sf=0&FV=-8%7C742&quantity=&ColumnSort=0&page=1&pageSize=500
J1,Micro_SD_Card,Aaron:microSD_HC_Wuerth_693072010801,1,CONN MICRO SD CARD HINGED TYPE,Wuerth,693072010801,Digikey,732-3820-1-ND,https://www.digikey.com/product-detail/en/w-rth-elektronik/693072010801/732-3820-1-ND/3124605
C16;C17;C108;C102;C21;C22;C5;C24;C8,0.1uF,Capacitor_SMD:C_0603_1608Metric,9,CAP CER 0.1UF 50V X7R 0603,Murata Electronics,GCM188R71H104KA57D,Digikey,490-4779-1-ND,https://www.digikey.com/product-detail/en/murata-electronics/GCM188R71H104KA57D/490-4779-1-ND/1641698
C3;C11;C15;C104,1uF,Capacitor_SMD:C_0603_1608Metric,4,CAP CER 1UF 10V X7R 0603,Samsung,CL10B105KP8NNNC,Digikey,1276-1946-1-ND,https://www.digikey.com/products/en?keywords=1276-1946-1-ND
C105;C23,22nF,Capacitor_SMD:C_0603_1608Metric,2,CAP CER 0.022UF 50V X7R 0603,Yageo,CC0603JRX7R9BB223,Digikey,311-4010-1-ND,https://www.digikey.com/product-detail/en/yageo/CC0603JRX7R9BB223/311-4010-1-ND/8025099
C101,22uF,Capacitor_SMD:C_0603_1608Metric,1,CAP CER 22UF 16V X5R 0603,Samsung Electro-Mechanics,CL10A226MO7JZNC,Digikey,1276-7076-1-ND,https://www.digikey.com/products/en/capacitors/ceramic-capacitors/60?k=&pkeyword=&sv=0&pv2049=u22%C2%B5F&sf=1&FV=7%7C2%2C14%7C108742%2C17%7C422407%2C17%7C422415%2C1989%7C0%2C-8%7C60%2C16%7C39246%2C69%7C409416&quantity=&ColumnSort=0&page=1&stock=1&nstock=1&pageSize=500
C107,47nF,Capacitor_SMD:C_0603_1608Metric,1,CAP CER 0.47UF 50V X5R 0603,Murata,GRM188R61H474KA12D,Digikey,490-11994-1-ND,https://www.digikey.com/products/en?keywords=490-11994-1-ND
C106,820pF,Capacitor_SMD:C_0603_1608Metric,1,CAP CER 820PF 50V C0G/NPO 0603,Yageo,CC0603JRNPO9BN821,Digikey,311-1775-1-ND,https://www.digikey.com/products/en?keywords=311-1775-1-ND
C1;C2;C6;C4;C10;C13;C14;C19;C9;C18;C20;C7,10uF,Capacitor_SMD:C_0805_2012Metric,12,CAP CER 10UF 16V X7R 0805,Samsung,CL21B106KOQNNNE,Digikey,1276-2872-1-ND,https://www.digikey.com/products/en?keywords=1276-2872-1-ND
C12,22uF,Capacitor_SMD:C_0805_2012Metric,1,CAP CER 22UF 10V X5R 0805,Samsung,CL21A226KPCLRNC,Digikey,1276-6786-1-ND,https://www.digikey.com/product-detail/en/samsung-electro-mechanics/CL21A226KPCLRNC/1276-6786-1-ND/5961645
C103,47uF,Capacitor_SMD:C_1210_3225Metric,1,CAP CER 47UF 16V X5R 1210,Samsung,CL32A476KOJNNNE,Digikey,1276-3376-1-ND,https://www.digikey.com/product-detail/en/samsung-electro-mechanics/CL32A476KOJNNNE/1276-3376-1-ND/3891462
J101,Conn_01x02,Connector_JST:JST_PH_B2B-PH-K_1x02_P2.00mm_Vertical,1,CONN HEADER VERT 2POS 2MM,JST,B2B-PH-K-S(LF)(SN),Digikey,455-1704-ND,https://www.digikey.com/product-detail/en/jst-sales-america-inc/B2B-PH-K-S-LF-SN/455-1704-ND/926611
J5,Conn_01x04,Connector_JST:JST_PH_B4B-PH-K_1x04_P2.00mm_Vertical,1,CONN HEADER VERT 4POS 2MM,JST Sales America,B4B-PH-K-S(LF)(SN),Digikey,455-1706-ND,https://www.digikey.com/products/en?keywords=455-1706-ND
J4;J2,BM12B-SRSS-TBT(LF)(SN),Connectors_JST-BM12B-SURS-TF:BM12B-SRSS-TB,2,CONN HEADER SMD 12POS 1MM,JST,BM12B-SRSS-TBT(LF)(SN),Digikey,455-2960-1-ND,https://www.digikey.com/products/en/connectors-interconnects/rectangular-connectors-headers-male-pins/314?k=BM12B-SRSS&k=&pkeyword=BM12B-SRSS&sv=0&pv5=387229&sf=0&FV=-8%7C314%2C7%7C2%2C1989%7C0&quantity=&ColumnSort=0&page=1&stock=1&nstock=1&pageSize=500
D101,D_Schottky,Diode_SMD:D_SOD-123F,1,DIODE SCHOTTKY 40V 2A SOD123F,ON,SS24FL,Digikey,SS24FLCT-ND,https://www.digikey.com/products/en?keywords=SS24FLCT-ND
U2,ESP32-WROVER-B,ESP32:ESP32-WROOVER,1,WIFI MODULE 128MBITS SPI FLASH,Espressif Systems,ESP32-WROVER (16MB) ESP32-WROVER-B,Digikey,1904-1015-1-ND,https://www.digikey.com/product-detail/en/espressif-systems/ESP32-WROVER-16MB/1904-1015-1-ND/9381724
D1,WS2813-MINI,LED_WS2813-mini:LED_WS2813-MINI-2,1,"RGB 620~625nm Red, 515~525nm Green, 465~475nm Blue SMD-6 Light Emitting Diodes (LED) RoHS",World Semi,WS2813B-Mini,LCSC,C189639,https://lcsc.com/product-detail/Light-Emitting-Diodes-LED_Worldsemi-WS2813-Mini-WS2813-3535_C189639.html
U3,CP2104,Package_DFN_QFN:QFN-24-1EP_4x4mm_P0.5mm_EP2.6x2.6mm,1,IC SGL USB-TO-UART BRIDGE 24QFN,Silicon Labs,CP2104-F03-GMR,Digikey,336-4146-1-ND,https://www.digikey.com/products/en/integrated-circuits-ics/interface-controllers/753?k=cp2104&k=&pkeyword=cp2104&sv=0&pv7=2&sf=0&FV=-8%7C753&quantity=&ColumnSort=0&page=1&stock=1&pageSize=500
Q3;Q4;Q5,BSS138,Package_TO_SOT_SMD:SOT-23,3,N-Channel 50V 220mA (Ta) 360mW (Ta) Surface Mount SOT-23-3,ON Semiconductor,BSS138,Digikey,BSS138CT-ND,https://www.digikey.com/product-detail/en/on-semiconductor/BSS138/BSS138CT-ND/244294
Q1,MMSS8050-H-TP,Package_TO_SOT_SMD:SOT-23,1,TRANS NPN 25V 1.5A SOT23,Micro Commercial Co,MMSS8050-H-TP,Digikey,MMSS8050-H-TPMSCT-ND,https://www.digikey.com/products/en/discrete-semiconductor-products/transistors-bipolar-bjt-single/276?k=MMSS8050-H-TP&k=&pkeyword=MMSS8050-H-TP&sv=0&pv7=2&sf=0&quantity=&ColumnSort=0&page=1&pageSize=500
Q2,FMB2222A,Package_TO_SOT_SMD:SOT-23-6,1,TRANS 2NPN 40V 0.5A 6SSOT,ON Semiconductor,FMB2222A,Digikey,FMB2222ACT-ND,https://www.digikey.com/products/en?keywords=FMB2222ACT-ND
D2,USBLC6-2P6,Package_TO_SOT_SMD:SOT-666,1,TVS DIODE 5.25V 17V SOT666,ST Microelectronics,USBLC6-2P6,Digikey,497-5026-1-ND,https://www.digikey.com/products/en?keywords=497-5026-1-ND
R103,1.62K,Resistor_SMD:R_0603_1608Metric,1,RES SMD 1.62K OHM 1% 1/10W 0603,Yageo,RC0603FR-071K62L,Digikey,311-1.62KHRCT-ND,https://www.digikey.com/product-detail/en/yageo/RC0603FR-071K62L/311-1.62KHRCT-ND/729816
R1;R3;R9;R11;R104,10K,Resistor_SMD:R_0603_1608Metric,5,RES SMD 10K OHM 1% 1/10W 0603,Vishay Dale,CRCW060310K0FKEC,Digikey,541-2979-1-ND,https://www.digikey.com/products/en?keywords=541-2979-1-ND
R102,18.7K,Resistor_SMD:R_0603_1608Metric,1,RES SMD 18.7K OHM 1% 1/10W 0603,Yageo,RC0603FR-0718K7L,Digikey,311-18.7KHRCT-ND,https://www.digikey.com/product-detail/en/yageo/RC0603FR-0718K7L/311-18.7KHRCT-ND/729940
R5;R6;R8;R7;R4,4.7K,Resistor_SMD:R_0603_1608Metric,5,RES SMD 4.7K OHM 1% 1/10W 0603,Bourns Inc.,CR0603-FX-4701ELF,Digikey,CR0603-FX-4701ELFCT-ND,https://www.digikey.com/product-detail/en/bourns-inc/CR0603-FX-4701ELF/CR0603-FX-4701ELFCT-ND/3740884
R2,470,Resistor_SMD:R_0603_1608Metric,1,RES SMD 470 OHM 1% 1/10W 0603,Samsung,RC1608F471CS,Digikey,1276-4619-1-ND,https://www.digikey.com/products/en?keywords=1276-4619-1-ND
R10;R101,86.6K,Resistor_SMD:R_0603_1608Metric,2,RES SMD 86.6K OHM 1% 1/10W 0603,Vishay Dale,CRCW060386K6FKEA,Digikey,541-86.6KHCT-ND,https://www.digikey.com/products/en?keywords=541-86.6KHCT-ND
RN4,100K,Resistor_SMD:R_Array_Convex_4x0603,1,RES ARRAY 4 RES 100K OHM 1206,Panasonic,EXB-V8V104JV,Digikey,Y4104CT-ND,https://www.digikey.com/product-detail/en/panasonic-electronic-components/EXB-V8V104JV/Y4104CT-ND/155183
RN2;RN6,10K,Resistor_SMD:R_Array_Convex_4x0603,2,RES ARRAY 4 RES 10K OHM 1206,Panasonic,EXB-V8V103JV,Digikey,Y4103CT-ND,https://www.digikey.com/products/en?keywords=Y4103CT-ND
U1,XCL220,Torex_Semi:CL-2025-02,1,DC DC CONVERTER 3.3V,Torex Semiconductor,XCL220B333FR-G,Digikey,893-1279-1-ND,https://www.digikey.com/products/en?keywords=893-1279-1-ND
